product_id,forecasted_demand_30d,current_stock,safety_stock,suggested_restock
P01,1008.3182858351456,74,18,952.3182858351456
P02,657.9939240463035,40,22,639.9939240463035
P03,819.3327190382217,57,19,781.3327190382217
